pid,post_ts,pre_ts
2194,201903,201805
2029,201905,201805
2128,201810,201601
3270,201811,201712
3123,201904,201710
2913,201904,201702
2436,201904,201804
632,201904,201702
463,201905,201706
487,201904,201709
502,201903,201710
3635,201904,201711
429,201812,201708
3297,201905,201709
993,201808,201706
125,201905,201805
1105,201810,201804
3634,201905,201806
612,201905,201710
425,201905,201806
469,201904,201810
417,201904,201804
3088,201905,201806
1214,201903,201609
2119,201904,201707
647,201903,201805
2244,201901,201806
1111,201904,201709
1694,201903,201801
3074,201904,201806
1278,201903,201803
1275,201904,201805
3422,201807,201705
3296,201904,201710
3172,201904,201805
3354,201903,201804
2884,201905,201806
1323,201903,201711
1109,201905,201806
3481,201812,201612
673,201904,201805
528,201903,201708
760,201905,201707
1810,201903,201805
3610,201808,201707
2007,201903,201701
2363,201904,201902
79,201903,201611
2759,201905,201806
77,201904,201806
1487,201904,201807
1316,201904,201805
902,201904,201606
3353,201903,201710
1862,201806,201711
853,201905,201805
1300,201811,201706
1474,201904,201711
2273,201812,201809
349,201902,201603
1065,201904,201706
2670,201904,201804
2058,201904,201802
1312,201807,201801
1745,201905,201806
3039,201905,201711
2883,201903,201602
2082,201901,201802
3178,201905,201601
2158,201903,201710
1061,201905,201710
537,201903,201711
883,201903,201707
2513,201905,201805
3526,201810,201708
3285,201905,201804
1050,201903,201806
849,201905,201904
2944,201904,201708
3155,201905,201607
2191,201903,201806
3527,201904,201806
3129,201905,201806
2069,201810,201806
2709,201905,201609
470,201810,201804
2578,201904,201806
1114,201811,201707
1177,201905,201805
192,201905,201705
571,201904,201806
2003,201904,201712
3103,201904,201806
863,201807,201604
1117,201810,201806
2961,201901,201603
2726,201905,201805
1726,201902,201711
3599,201905,201610
2017,201904,201711
733,201812,201709
3035,201903,201804
674,201808,201709
1764,201904,201710
3440,201809,201703
1811,201810,201709
2985,201904,201802
664,201903,201712
363,201904,201708
3589,201811,201611
83,201905,201808
644,201902,201710
3572,201904,201712
1832,201809,201802
1291,201903,201710
2321,201905,201806
1851,201904,201708
2302,201903,201705
1819,201903,201803
3648,201905,201708
2554,201903,201804
2765,201904,201805
3107,201903,201805
1892,201905,201806
2625,201904,201805
361,201904,201805
2693,201806,201806
1426,201903,201605
1456,201903,201611
924,201905,201803
3460,201903,201806
248,201905,201805
2120,201810,201709
1431,201905,201805
3203,201904,201805
715,201905,201805
3468,201812,201805
3101,201905,201701
167,201905,201707
1247,201809,201604
2845,201905,201807
560,201904,201801
343,201901,201805
1551,201904,201802
2042,201905,201805
187,201811,201805
2258,201903,201803
2640,201901,201805
2963,201903,201805
947,201903,201803
1245,201809,201604
557,201903,201711
3095,201806,201706
1210,201904,201711
1728,201904,201706
280,201903,201804
2117,201904,201903
2358,201901,201704
326,201904,201702
1699,201902,201711
2549,201903,201809
2960,201905,201704
2354,201905,201806
436,201904,201806
2385,201904,201902
370,201904,201606
1833,201903,201805
31,201904,201805
2936,201903,201806
2089,201810,201802
811,201812,201801
3302,201905,201806
268,201905,201706
1719,201903,201806
527,201812,201805
812,201905,201702
1924,201809,201805
2924,201811,201709
1073,201905,201805
341,201905,201812
1389,201904,201803
3499,201904,201704
2065,201809,201708
3668,201904,201806
250,201904,201801
1594,201903,201806
3566,201902,201711
3271,201905,201806
399,201905,201801
597,201904,201602
2566,201904,201706
218,201905,201710
575,201905,201611
685,201903,201611
2249,201905,201805
2479,201905,201801
658,201903,201707
2702,201904,201705
1064,201904,201810
2166,201903,201805
1057,201904,201606
65,201905,201901
1657,201903,201711
949,201904,201606
1798,201904,201804
418,201905,201806
1912,201904,201903
3237,201812,201706
80,201904,201801
3650,201901,201709
1568,201905,201709
2095,201903,201706
3412,201903,201709
904,201904,201901
2495,201808,201805
567,201904,201707
3612,201904,201806
1026,201903,201707
601,201903,201706
1388,201904,201801
3313,201809,201802
2455,201904,201709
1028,201901,201804
941,201904,201705
1055,201903,201711
128,201904,201805
1213,201811,201706
594,201904,201705
3503,201806,201806
34,201810,201806
1647,201810,201806
1367,201905,201805
2180,201903,201804
99,201812,201705
2909,201904,201804
3202,201807,201805
1561,201905,201805
1479,201904,201711
2710,201904,201805
686,201904,201806
1715,201901,201609
2209,201905,201804
3162,201905,201802
2730,201904,201805
1014,201903,201711
495,201903,201602
2919,201808,201806
2760,201904,201703
875,201901,201801
2802,201901,201712
3619,201902,201607
821,201810,201604
2281,201905,201902
2708,201904,201803
573,201812,201709
183,201903,201803
1093,201811,201612
2874,201904,201802
2111,201902,201604
372,201905,201804
1648,201905,201707
1067,201811,201805
1731,201808,201806
113,201812,201805
1580,201903,201701
2367,201905,201710
3383,201904,201703
60,201901,201601
964,201905,201804
1999,201905,201806
2931,201901,201611
2310,201810,201806
773,201809,201804
2910,201905,201706
3451,201904,201707
310,201903,201805
2468,201904,201806
2897,201905,201806
1241,201905,201812
3495,201905,201707
1319,201902,201804
1301,201903,201708
2481,201905,201804
739,201904,201612
3280,201905,201806
2381,201903,201608
598,201905,201903
129,201904,201806
1366,201903,201804
1814,201904,201710
862,201905,201706
270,201806,201701
2325,201903,201707
1734,201905,201806
1668,201903,201806
3455,201905,201706
1500,201905,201801
3661,201905,201708
1596,201905,201811
753,201904,201807
2090,201905,201805
661,201905,201805
1044,201902,201701
1631,201905,201706
1408,201901,201802
1672,201903,201805
291,201808,201710
1413,201905,201805
1763,201903,201806
2715,201904,201806
3338,201903,201804
3344,201904,201808
1528,201904,201801
839,201903,201805
1272,201905,201903
1536,201903,201805
3003,201904,201808
234,201905,201806
2819,201905,201806
956,201904,201709
2036,201904,201708
879,201903,201810
886,201904,201608
2778,201808,201806
3206,201903,201710
1283,201905,201805
2754,201905,201604
1917,201905,201805
2008,201904,201804
1356,201905,201805
1841,201809,201608
2151,201901,201707
2175,201904,201806
1425,201905,201609
1202,201809,201712
1349,201901,201801
3542,201901,201709
2622,201905,201611
2677,201905,201702
3119,201905,201804
54,201905,201603
1691,201811,201802
225,201905,201803
3513,201905,201806
2102,201905,201804
1085,201905,201810
3654,201904,201801
2424,201810,201705
1089,201904,201806
2318,201905,201603
3363,201905,201603
3100,201904,201801
810,201902,201707
157,201901,201709
2073,201904,201806
3491,201901,201804
1687,201904,201806
206,201808,201707
3456,201905,201803
2557,201905,201805
2781,201905,201811
2052,201901,201610
834,201904,201711
1315,201903,201806
1630,201905,201803
2588,201904,201809
3000,201904,201806
256,201904,201802
3208,201905,201805
617,201905,201805
1471,201905,201709
1071,201812,201708
164,201903,201806
1888,201903,201806
1680,201905,201607
797,201905,201709
2040,201808,201802
1751,201904,201709
736,201806,201806
695,201905,201806
2156,201808,201602
354,201904,201806
2292,201808,201703
53,201905,201811
2925,201904,201801
820,201905,201602
927,201905,201808
983,201904,201706
2990,201901,201801
569,201905,201707
3419,201903,201805
1663,201904,201802
74,201905,201805
2834,201904,201803
2342,201905,201712
3282,201901,201806
2389,201905,201804
2761,201902,201805
2516,201903,201802
3398,201902,201709
712,201904,201805
848,201812,201609
2794,201810,201802
435,201904,201802
1335,201905,201703
3664,201903,201702
1231,201902,201803
3587,201808,201703
379,201904,201701
3219,201904,201806
2187,201903,201804
1975,201904,201708
1121,201904,201804
1908,201905,201707
3317,201809,201705
1185,201902,201703
944,201902,201707
2904,201904,201805
2966,201905,201607
1871,201903,201712
1493,201905,201708
2282,201904,201805
115,201903,201601
1913,201806,201802
1482,201905,201709
2269,201904,201805
1778,201905,201806
1329,201904,201711
801,201903,201805
2130,201903,201811
1151,201903,201804
1392,201903,201611
269,201810,201806
3078,201905,201710
2864,201808,201804
3025,201905,201807
3625,201903,201706
3496,201905,201708
3090,201905,201802
1852,201905,201806
2997,201904,201806
1933,201905,201806
2568,201810,201701
3360,201812,201604
1542,201905,201607
3211,201903,201802
1696,201904,201801
730,201904,201804
118,201903,201902
3549,201905,201604
1743,201905,201806
2264,201904,201706
467,201903,201805
3348,201905,201707
98,201809,201805
224,201904,201711
1676,201905,201604
2542,201905,201805
897,201903,201806
2749,201810,201806
2351,201902,201706
504,201903,201801
1521,201904,201609
2643,201904,201707
3113,201904,201805
989,201904,201708
2540,201901,201806
2680,201904,201709
1361,201905,201805
870,201902,201707
3007,201903,201805
2862,201904,201806
3320,201904,201805
3169,201808,201611
2438,201810,201806
216,201904,201806
1158,201905,201806
1298,201905,201805
1244,201904,201610
3305,201903,201802
635,201901,201803
2137,201903,201805
2420,201901,201703
3365,201904,201706
2779,201901,201805
1990,201904,201603
2762,201901,201610
1578,201905,201711
272,201903,201805
3637,201903,201806
1080,201904,201806
2289,201902,201804
2352,201903,201709
1140,201905,201811
2521,201905,201806
1959,201905,201709
2590,201809,201706
222,201905,201802
3046,201903,201805
1945,201904,201806
2721,201905,201805
1260,201904,201806
1012,201809,201706
835,201904,201808
754,201904,201612
134,201904,201711
2213,201902,201805
1514,201905,201707
1286,201810,201709
265,201810,201801
152,201904,201707
1339,201811,201805
2577,201809,201711
2793,201807,201705
867,201903,201803
3135,201808,201806
1985,201810,201611
1188,201809,201803
2134,201904,201712
1002,201904,201809
3472,201905,201806
1567,201905,201705
2063,201808,201802
3217,201905,201805
155,201905,201805
3150,201808,201802
2602,201811,201805
2871,201904,201803
33,201901,201709
91,201903,201805
1344,201904,201803
247,201901,201704
1760,201806,201806
71,201812,201804
1232,201903,201805
3347,201905,201803
2865,201904,201801
2547,201903,201709
1217,201903,201609
44,201905,201602
1791,201811,201712
2126,201905,201706
3508,201904,201608
566,201812,201806
2658,201807,201708
1855,201905,201806
3016,201903,201711
548,201903,201603
511,201905,201806
641,201904,201802
819,201903,201805
2023,201904,201709
1887,201905,201711
2035,201904,201804
934,201904,201806
316,201905,201803
3441,201904,201702
2941,201904,201806
328,201905,201806
243,201903,201710
132,201901,201804
620,201901,201801
3232,201904,201711
650,201905,201601
2483,201905,201805
3368,201905,201805
2900,201903,201711
3098,201902,201802
2431,201808,201710
2771,201905,201707
3433,201903,201802
861,201905,201803
0,201904,201805
1893,201903,201601
230,201905,201809
2507,201903,201806
3050,201809,201710
2998,201905,201803
426,201904,201808
1179,201905,201807
3370,201905,201805
2328,201902,201804
2372,201904,201710
1697,201905,201603
1488,201904,201805
3480,201905,201703
2257,201903,201602
1320,201905,201803
714,201903,201803
174,201901,201705
2627,201905,201806
1448,201811,201804
731,201904,201806
1579,201809,201806
2608,201904,201804
2718,201903,201805
1131,201810,201806
2107,201903,201805
1382,201905,201806
3251,201902,201703
952,201904,201708
3358,201905,201807
1586,201905,201608
1608,201904,201702
554,201903,201806
1869,201810,201806
1995,201903,201805
2618,201904,201808
1836,201903,201703
1610,201905,201801
2298,201904,201812
1636,201904,201806
2768,201905,201805
3448,201905,201705
1799,201905,201708
1083,201905,201806
2773,201901,201604
119,201904,201611
766,201905,201805
953,201905,201706
1755,201904,201704
306,201904,201805
3289,201904,201804
3019,201810,201805
741,201905,201809
1682,201904,201802
154,201905,201604
2526,201904,201701
832,201806,201806
3310,201903,201810
3408,201810,201802
2945,201904,201806
273,201903,201705
1036,201810,201805
1075,201904,201901
450,201809,201805
633,201903,201709
2867,201905,201903
259,201903,201607
1879,201905,201805
2161,201903,201610
1170,201812,201603
1973,201905,201702
1094,201905,201902
2329,201905,201607
3180,201904,201709
127,201905,201711
2216,201812,201707
1963,201905,201703
2704,201901,201710
2049,201811,201806
2934,201901,201712
377,201905,201711
3458,201903,201706
150,201903,201611
465,201903,201708
3066,201905,201803
2807,201903,201803
922,201905,201806
1906,201812,201703
1208,201905,201806
969,201905,201805
2018,201905,201805
1756,201810,201802
737,201904,201803
745,201903,201809
2965,201903,201606
1741,201903,201705
1785,201810,201805
1650,201809,201804
2112,201905,201806
552,201904,201704
2624,201903,201610
3660,201808,201806
360,201903,201709
606,201903,201806
2094,201905,201805
2748,201905,201805
342,201904,201805
1958,201809,201611
1194,201902,201805
1095,201904,201808
2530,201902,201802
769,201904,201804
2150,201808,201803
3434,201904,201608
2349,201905,201806
294,201904,201807
1993,201903,201709
1091,201903,201709
86,201905,201707
2796,201904,201805
2974,201903,201601
3459,201809,201703
176,201903,201803
338,201809,201711
2882,201904,201711
1439,201808,201702
1464,201812,201810
1575,201904,201801
3450,201901,201705
2915,201904,201805
1900,201905,201804
254,201905,201805
2829,201812,201702
3512,201901,201806
705,201905,201608
76,201904,201710
3214,201901,201801
3336,201905,201806
1294,201904,201805
3076,201810,201603
2181,201904,201706
2751,201903,201805
1624,201904,201805
212,201901,201806
1465,201905,201806
69,201812,201801
804,201904,201805
2470,201811,201806
1453,201905,201703
2586,201904,201803
2881,201905,201812
1433,201904,201712
2646,201904,201804
1220,201901,201706
285,201905,201808
3567,201905,201806
3258,201811,201808
209,201905,201804
194,201903,201806
3273,201901,201709
3588,201905,201711
2070,201905,201806
842,201905,201802
2824,201904,201709
2011,201904,201805
1176,201904,201805
3591,201905,201704
1221,201808,201802
2947,201903,201802
789,201905,201611
290,201905,201805
3153,201809,201805
1649,201904,201701
311,201905,201801
1909,201805,201805
2661,201903,201803
2734,201901,201801
1651,201810,201805
2453,201904,201806
1437,201905,201801
697,201901,201805
3355,201905,201706
611,201808,201801
1296,201903,201803
3,201808,201806
1511,201903,201805
3529,201904,201810
3461,201903,201602
833,201905,201703
3183,201903,201809
531,201810,201807
2141,201903,201611
770,201810,201604
2032,201905,201602
2994,201812,201801
2380,201902,201610
1318,201904,201804
2589,201904,201802
2277,201903,201803
2200,201809,201609
1824,201810,201703
3087,201905,201803
1560,201905,201804
980,201903,201705
3381,201904,201812
1161,201904,201802
1203,201905,201709
3083,201902,201707
2849,201903,201805
830,201905,201601
895,201904,201602
3319,201905,201705
2893,201808,201702
2575,201811,201703
1670,201905,201708
3201,201905,201804
3186,201904,201802
2397,201905,201809
1969,201903,201804
1419,201810,201703
3052,201902,201803
374,201903,201902
1416,201806,201701
97,201902,201806
558,201904,201603
366,201903,201803
3359,201904,201806
367,201904,201806
1006,201903,201805
2632,201904,201806
1546,201904,201801
2416,201901,201607
1154,201903,201806
447,201904,201805
3120,201808,201601
3031,201905,201703
1438,201903,201806
2668,201903,201707
2558,201904,201701
2675,201901,201711
439,201901,201802
2057,201808,201806
2432,201904,201706
1417,201903,201611
696,201904,201802
1150,201903,201707
3335,201904,201802
2986,201812,201711
308,201903,201806
340,201905,201806
1890,201903,201806
1495,201904,201601
3346,201903,201806
1106,201905,201805
1087,201811,201805
1707,201903,201707
1653,201905,201704
2355,201901,201806
3189,201811,201706
1956,201810,201609
3665,201903,201808
345,201904,201805
3288,201902,201706
710,201905,201708
660,201905,201806
389,201904,201805
808,201904,201805
2635,201905,201803
3151,201812,201708
1896,201901,201811
2895,201905,201805
613,201903,201804
517,201809,201612
3620,201905,201604
2962,201904,201707
2327,201808,201611
970,201810,201710
3561,201812,201710
3538,201807,201607
1918,201808,201612
1350,201905,201707
2169,201903,201604
1285,201904,201710
2054,201904,201806
1008,201805,201805
401,201902,201806
1897,201905,201801
286,201809,201804
1923,201904,201709
535,201902,201701
1477,201809,201803
2653,201905,201806
550,201903,201603
480,201810,201612
3053,201903,201804
2219,201905,201806
747,201811,201701
2047,201905,201709
335,201904,201706
822,201904,201711
2785,201904,201804
75,201812,201802
1847,201905,201802
1288,201903,201804
2784,201806,201801
3012,201901,201606
1666,201904,201805
1027,201905,201610
688,201807,201708
2633,201903,201610
124,201904,201805
3519,201901,201611
3364,201902,201805
756,201904,201706
1310,201903,201806
757,201905,201803
210,201904,201802
403,201903,201604
3259,201811,201703
242,201904,201801
2215,201805,201805
675,201905,201804
1253,201905,201707
2108,201904,201802
1710,201904,201610
2858,201903,201809
1127,201903,201703
1459,201904,201808
2707,201901,201801
2373,201904,201803
3185,201903,201707
321,201903,201805
787,201811,201706
1207,201904,201805
2233,201904,201804
1517,201905,201612
2971,201903,201603
1048,201904,201805
2823,201904,201707
806,201905,201706
786,201808,201704
3033,201905,201804
1602,201807,201805
28,201806,201804
732,201905,201711
1110,201903,201708
2262,201904,201801
2688,201903,201611
61,201905,201802
2283,201811,201712
2847,201905,201701
1507,201905,201806
364,201905,201802
29,201905,201805
1470,201905,201806
1293,201901,201601
1469,201901,201710
629,201904,201806
3121,201903,201705
2340,201903,201706
3615,201905,201711
1462,201903,201805
1113,201901,201706
2569,201901,201704
3367,201905,201702
726,201905,201806
66,201811,201805
3261,201807,201805
2059,201903,201802
15,201904,201806
1772,201902,201801
3393,201904,201610
729,201904,201712
1467,201901,201712
864,201904,201711
2465,201810,201806
1584,201904,201811
622,201905,201802
322,201905,201804
2248,201904,201805
2880,201904,201805
916,201904,201806
544,201904,201901
41,201811,201801
1108,201905,201611
2160,201904,201806
1712,201903,201707
2534,201904,201610
1826,201806,201611
1535,201904,201711
763,201902,201702
2876,201905,201805
1947,201905,201806
35,201905,201806
3063,201901,201803
1765,201905,201811
876,201903,201705
2673,201810,201806
2202,201904,201805
3378,201901,201805
1980,201905,201812
1532,201810,201806
2079,201903,201611
1854,201904,201805
2620,201905,201801
546,201904,201805
58,201904,201805
2594,201903,201803
2686,201901,201809
461,201904,201805
409,201808,201801
2685,201808,201601
2520,201905,201802
722,201904,201808
151,201901,201801
3128,201904,201812
2539,201904,201804
1872,201809,201806
1112,201810,201806
2938,201904,201807
1840,201905,201710
422,201904,201806
2695,201903,201710
2133,201904,201806
1271,201905,201801
553,201904,201805
3077,201904,201901
662,201904,201603
2967,201809,201806
3062,201904,201602
2617,201812,201806
3677,201903,201805
358,201904,201806
133,201904,201803
3621,201905,201805
1045,201903,201805
2304,201904,201810
1414,201901,201801
6,201905,201806
3371,201901,201711
2528,201904,201601
3530,201903,201805
3040,201905,201710
884,201902,201702
2016,201901,201704
1353,201811,201709
3457,201905,201801
1786,201905,201806
1582,201810,201803
2556,201904,201711
1254,201811,201605
3658,201904,201610
2660,201903,201805
3292,201905,201709
921,201810,201703
1997,201806,201801
559,201810,201608
3197,201905,201607
2809,201905,201806
1053,201810,201707
263,201807,201806
373,201809,201712
3558,201903,201806
1557,201904,201707
2527,201905,201903
1211,201901,201706
2067,201812,201802
3216,201904,201806
1381,201904,201712
289,201905,201805
1816,201905,201805
585,201904,201709
3327,201905,201809
2247,201905,201706
490,201808,201705
3018,201905,201603
3484,201809,201805
1452,201905,201803
1146,201905,201807
700,201905,201806
877,201901,201707
3064,201905,201804
610,201812,201803
624,201904,201805
2464,201810,201805
2939,201905,201806
2923,201904,201806
2182,201903,201707
3176,201811,201608
2713,201905,201804
2440,201905,201801
1303,201812,201806
3342,201904,201810
1976,201904,201803
2122,201812,201808
1035,201812,201611
2914,201904,201804
2313,201901,201706
514,201903,201809
2228,201810,201803
1148,201904,201809
841,201903,201707
2096,201905,201805
1270,201905,201602
990,201905,201710
1506,201903,201808
2954,201905,201704
2193,201810,201803
1124,201904,201707
1818,201905,201804
323,201904,201711
3618,201905,201706
3008,201903,201801
907,201903,201707
1543,201806,201805
2984,201903,201803
580,201904,201805
824,201905,201808
102,201811,201709
3228,201902,201709
2279,201904,201803
49,201905,201902
1037,201904,201805
1227,201903,201710
2230,201905,201804
3680,201901,201803
2360,201905,201708
892,201905,201805
1142,201901,201804
239,201903,201806
2407,201904,201806
3423,201905,201710
1411,201904,201802
1269,201905,201801
2332,201905,201801
1352,201902,201602
2287,201905,201808
2092,201901,201806
352,201809,201704
2619,201811,201803
1598,201904,201803
1932,201810,201706
3210,201809,201610
3443,201901,201806
543,201901,201806
3158,201904,201711
2153,201903,201806
391,201904,201610
2100,201905,201812
1713,201901,201604
3044,201905,201712
1905,201812,201710
2982,201904,201803
973,201905,201710
3388,201903,201803
2068,201904,201805
3485,201901,201801
2812,201810,201806
2866,201905,201603
3029,201901,201805
1204,201904,201806
3438,201808,201709
3071,201810,201805
582,201903,201805
699,201903,201801
2142,201905,201803
3477,201903,201804
460,201904,201806
1637,201812,201801
116,201904,201804
831,201901,201703
431,201904,201710
1302,201904,201710
1808,201903,201806
2062,201903,201804
1444,201903,201703
1885,201905,201710
1284,201904,201805
2523,201812,201711
2928,201905,201708
818,201903,201709
2591,201903,201805
510,201904,201608
221,201905,201806
1554,201905,201801
2801,201805,201801
826,201904,201809
2835,201905,201803
896,201904,201710
1040,201904,201802
1803,201809,201707
2725,201905,201806
2044,201904,201708
3005,201809,201805
3521,201905,201708
513,201905,201806
2222,201903,201805
18,201811,201703
2227,201903,201706
1681,201812,201604
2553,201905,201708
501,201905,201703
1007,201903,201805
1420,201901,201601
3295,201905,201805
2681,201903,201706
2413,201905,201804
982,201905,201805
55,201905,201709
2552,201903,201802
2792,201905,201803
1341,201905,201901
103,201904,201805
2682,201904,201806
1692,201903,201603
2832,201903,201803
3376,201812,201603
2905,201903,201804
1942,201904,201606
2573,201904,201804
1620,201810,201805
177,201904,201702
1875,201903,201805
2639,201811,201803
2135,201904,201603
1771,201905,201701
2188,201904,201710
315,201905,201703
2972,201903,201602
919,201905,201801
1501,201904,201606
1279,201808,201609
293,201904,201712
1119,201903,201610
793,201902,201806
3467,201904,201711
505,201905,201706
1299,201905,201602
3435,201905,201802
1837,201903,201704
542,201905,201808
475,201902,201802
489,201904,201707
2348,201904,201806
2254,201811,201706
1186,201904,201701
2716,201904,201805
2140,201905,201804
108,201812,201806
2777,201905,201811
378,201904,201803
950,201901,201709
3124,201903,201805
2870,201904,201710
1434,201901,201709
1845,201810,201804
3498,201904,201711
2395,201807,201805
860,201904,201804
2429,201905,201806
2374,201812,201809
771,201905,201804
453,201904,201802
1359,201904,201808
1829,201904,201806
1758,201905,201801
2687,201811,201804
3379,201902,201801
2341,201809,201707
2123,201904,201803
3081,201810,201806
1078,201903,201805
3464,201807,201712
2428,201809,201804
37,201903,201806
2669,201904,201806
2531,201901,201602
2508,201904,201803
2450,201808,201709
2489,201904,201710
885,201903,201805
1986,201902,201801
1903,201904,201804
872,201806,201802
213,201905,201804
3306,201905,201806
158,201901,201803
407,201810,201801
2319,201903,201610
2370,201905,201803
3042,201904,201803
3017,201904,201807
3556,201904,201806
2284,201905,201712
3263,201810,201805
2118,201904,201710
2458,201904,201710
3027,201904,201804
1242,201903,201803
2757,201903,201805
3547,201904,201806
3506,201905,201705
1654,201904,201710
3024,201905,201804
1846,201903,201602
1570,201904,201710
2949,201903,201805
2484,201904,201610
724,201811,201805
951,201905,201807
928,201810,201804
211,201903,201707
2185,201905,201712
3550,201904,201804
1919,201905,201705
2611,201903,201806
3303,201903,201804
945,201902,201602
701,201904,201805
1701,201901,201804
749,201905,201703
1675,201905,201810
1716,201901,201601
2723,201809,201803
2114,201903,201805
1205,201905,201712
605,201904,201705
2512,201901,201709
3141,201904,201805
1600,201904,201703
1324,201904,201704
2921,201905,201809
1052,201810,201707
3670,201904,201806
1370,201903,201710
538,201810,201805
3266,201905,201707
1898,201904,201805
1886,201903,201806
3182,201903,201610
3507,201805,201805
3642,201904,201601
3555,201904,201804
992,201904,201805
1831,201903,201702
1484,201905,201806
1510,201903,201801
350,201905,201806
901,201904,201806
689,201905,201806
3581,201904,201806
492,201809,201805
1718,201904,201805
2662,201810,201710
1835,201901,201803
2672,201904,201703
3407,201809,201806
846,201905,201804
638,201903,201806
3159,201903,201804
3405,201904,201801
1878,201903,201806
1800,201904,201806
301,201903,201803
1481,201904,201805
3248,201904,201805
639,201903,201803
3193,201903,201804
727,201808,201806
3607,201902,201808
413,201904,201805
1457,201904,201802
1407,201905,201809
3350,201905,201602
189,201905,201710
2684,201903,201706
2050,201903,201806
464,201905,201608
2977,201903,201707
3218,201904,201708
1450,201901,201805
3236,201904,201809
3170,201904,201805
3437,201905,201804
3564,201905,201711
721,201905,201812
2361,201901,201805
1099,201905,201809
159,201901,201710
2238,201810,201805
329,201903,201806
663,201905,201712
2741,201905,201805
1010,201904,201804
17,201903,201802
2268,201905,201710
1152,201905,201809
2207,201812,201805
2674,201905,201709
1317,201903,201706
2648,201810,201804
2492,201905,201806
2056,201905,201710
3243,201903,201802
2020,201904,201803
2581,201904,201711
312,201905,201806
702,201812,201805
1996,201905,201707
3559,201809,201611
2278,201904,201803
1685,201905,201709
2146,201809,201712
3051,201811,201803
609,201904,201604
684,201812,201808
1197,201904,201804
1922,201805,201802
51,201811,201806
3534,201810,201806
3337,201905,201805
3330,201903,201709
2307,201905,201804
2326,201904,201701
3487,201905,201805
415,201806,201801
276,201810,201806
2072,201905,201711
3221,201905,201805
2417,201809,201706
3231,201905,201803
2570,201810,201806
2359,201902,201709
3673,201903,201802
1116,201809,201805
2869,201809,201801
298,201905,201805
138,201905,201703
190,201903,201609
3684,201904,201804
2393,201905,201901
913,201805,201805
2129,201808,201807
2472,201809,201711
3682,201904,201804
2537,201904,201805
1132,201806,201806
1311,201905,201801
1797,201904,201806
2543,201904,201806
1031,201904,201806
1174,201808,201802
646,201904,201708
1483,201904,201804
2763,201905,201805
1972,201905,201803
1268,201904,201603
171,201806,201711
122,201810,201806
1047,201903,201708
1400,201905,201806
3557,201903,201805
2987,201903,201707
1583,201901,201806
1374,201903,201806
2722,201903,201604
3198,201905,201707
1635,201903,201805
3190,201904,201806
843,201903,201801
1472,201903,201712
3032,201810,201805
1347,201810,201804
2758,201904,201802
3137,201904,201808
1820,201905,201809
257,201901,201705
3339,201811,201806
1153,201904,201606
3531,201903,201806
2401,201904,201606
193,201905,201803
2948,201808,201806
3586,201812,201802
1795,201806,201806
2346,201809,201601
1454,201905,201707
2764,201904,201711
452,201905,201804
333,201903,201610
89,201901,201603
1966,201810,201806
1333,201901,201806
3404,201905,201606
2535,201904,201704
865,201904,201805
2234,201901,201808
2907,201903,201806
3643,201901,201605
496,201812,201805
2659,201903,201801
1141,201904,201805
1391,201905,201805
2487,201904,201803
2979,201903,201612
2377,201904,201804
368,201905,201709
1187,201902,201606
2509,201904,201806
149,201905,201808
1410,201904,201611
1605,201901,201607
1527,201903,201605
2208,201905,201805
2541,201902,201806
1752,201903,201711
1486,201810,201801
2550,201808,201611
3445,201904,201709
791,201904,201806
292,201903,201809
59,201812,201806
3166,201903,201804
3410,201903,201707
1881,201810,201806
541,201901,201801
2475,201904,201709
1901,201904,201805
3663,201905,201801
2699,201904,201806
179,201904,201801
1246,201905,201811
2378,201904,201709
2088,201905,201710
1149,201903,201807
962,201904,201707
1171,201807,201701
3466,201904,201801
26,201905,201801
1723,201808,201806
2538,201904,201709
1571,201905,201804
1346,201809,201707
1613,201808,201806
1380,201905,201805
1218,201903,201705
2970,201905,201802
3614,201902,201703
2592,201903,201703
327,201806,201806
2810,201810,201707
1595,201905,201810
565,201811,201708
971,201810,201805
985,201904,201808
761,201903,201806
1304,201905,201802
2787,201812,201602
1001,201905,201805
3476,201905,201612
2060,201904,201707
1652,201904,201603
3326,201905,201806
491,201905,201803
1623,201903,201801
3483,201904,201710
1782,201812,201806
1526,201905,201809
2705,201807,201703
2195,201810,201803
1363,201902,201605
3122,201904,201711
2879,201905,201803
1962,201904,201903
3308,201905,201706
977,201903,201805
1843,201808,201701
1164,201904,201805
2394,201903,201805
2127,201903,201603
1015,201905,201806
2272,201901,201803
2174,201903,201710
549,201811,201803
920,201905,201710
556,201810,201806
1342,201905,201804
2815,201902,201805
2742,201902,201801
2968,201901,201709
2184,201905,201704
266,201905,201806
2517,201904,201804
2400,201905,201710
868,201904,201812
3397,201905,201805
2767,201807,201705
1618,201905,201706
1882,201905,201805
2789,201905,201805
78,201807,201704
2466,201905,201809
477,201903,201605
2857,201904,201803
2912,201905,201801
2002,201905,201801
3655,201905,201803
2376,201903,201806
1348,201904,201712
2356,201901,201608
607,201904,201804
1369,201807,201806
2353,201905,201901
3678,201905,201806
3659,201903,201707
2579,201905,201801
2443,201903,201805
253,201903,201703
2448,201903,201711
2251,201904,201806
1062,201905,201803
2515,201810,201702
588,201811,201706
3624,201902,201805
1509,201903,201803
2701,201905,201710
2821,201904,201805
395,201812,201801
948,201905,201805
628,201905,201806
2452,201905,201806
1902,201904,201805
2001,201904,201706
2903,201903,201706
267,201810,201705
1955,201904,201612
1646,201811,201709
1334,201901,201704
1704,201809,201704
72,201812,201806
1628,201901,201806
400,201904,201806
3020,201810,201705
485,201903,201804
3196,201808,201706
1982,201905,201805
1677,201905,201806
1801,201905,201604
1492,201904,201806
2364,201905,201808
847,201905,201710
3420,201905,201805
911,201904,201712
507,201812,201712
2667,201808,201602
978,201905,201711
1508,201905,201802
667,201904,201805
309,201811,201706
2800,201806,201806
482,201903,201706
1812,201806,201805
2642,201904,201712
1394,201902,201703
2124,201902,201802
1664,201904,201706
2103,201905,201705
144,201807,201603
788,201905,201903
1004,201905,201710
866,201905,201701
471,201806,201804
1616,201806,201805
807,201904,201701
925,201902,201603
130,201809,201806
2610,201905,201901
1662,201809,201805
3116,201904,201710
3085,201807,201612
2651,201905,201805
3553,201812,201709
1790,201905,201805
3453,201810,201712
2533,201902,201707
1379,201904,201702
3312,201901,201806
2766,201902,201809
2918,201904,201805
906,201904,201810
1604,201905,201806
2477,201808,201608
940,201905,201707
20,201904,201805
2115,201904,201803
1497,201903,201803
2565,201901,201806
1658,201905,201805
603,201809,201801
568,201903,201806
3653,201904,201607
2404,201811,201803
2252,201905,201801
1145,201903,201606
1573,201905,201802
486,201905,201801
1267,201903,201709
2634,201905,201612
1911,201905,201902
2750,201810,201606
2697,201810,201804
140,201903,201707
562,201903,201801
850,201902,201802
2299,201809,201706
2561,201905,201712
1449,201904,201703
46,201810,201605
2462,201902,201803
3315,201903,201701
2504,201904,201806
2398,201905,201710
3191,201903,201806
1155,201904,201903
2805,201905,201806
3067,201905,201710
2418,201901,201807
1442,201903,201806
1461,201905,201806
738,201903,201805
909,201904,201805
1126,201808,201806
1193,201905,201708
627,201904,201707
2644,201905,201805
3593,201904,201802
347,201903,201806
2162,201903,201603
2322,201904,201801
1295,201905,201702
577,201905,201806
1817,201905,201807
2421,201810,201806
3627,201905,201711
2113,201905,201806
3601,201806,201710
139,201812,201708
718,201903,201804
3256,201903,201806
2101,201905,201709
2818,201905,201806
2978,201902,201801
390,201904,201903
109,201810,201801
392,201905,201607
2497,201903,201803
1432,201811,201805
3299,201902,201805
1895,201904,201711
1842,201904,201802
915,201905,201706
355,201808,201601
829,201904,201805
3205,201904,201802
1828,201905,201801
120,201905,201710
2145,201810,201801
3543,201905,201805
1870,201810,201805
1953,201904,201812
2901,201808,201802
3311,201905,201712
2474,201905,201801
3652,201812,201708
2621,201903,201603
438,201903,201709
145,201904,201803
2392,201905,201805
2343,201809,201804
3030,201903,201803
143,201904,201806
888,201904,201711
85,201905,201802
2345,201905,201805
2850,201904,201802
32,201903,201803
2242,201904,201805
1725,201807,201806
2518,201810,201701
1092,201809,201708
3080,201905,201803
2585,201806,201801
755,201901,201806
524,201809,201802
3411,201903,201806
1768,201809,201806
1964,201905,201805
473,201811,201805
50,201901,201801
1029,201810,201702
2825,201905,201803
874,201905,201709
414,201905,201902
1440,201901,201603
2969,201812,201802
1541,201905,201703
2593,201902,201806
2733,201903,201801
1066,201904,201710
706,201904,201805
1138,201812,201805
2201,201905,201806
3552,201902,201803
3632,201903,201806
3639,201905,201708
2976,201812,201711
2629,201905,201805
1599,201905,201603
3545,201905,201802
908,201904,201806
1405,201904,201604
1190,201904,201705
23,201809,201711
529,201905,201806
2306,201809,201805
57,201810,201809
1491,201810,201806
1022,201905,201806
1562,201904,201706
2848,201905,201805
2772,201903,201806
1041,201905,201805
468,201904,201707
2560,201902,201806
2598,201904,201711
1915,201905,201804
1867,201905,201703
1592,201812,201705
1981,201903,201804
1711,201905,201803
2039,201808,201604
43,201904,201806
2888,201902,201708
3015,201812,201803
111,201905,201806
2890,201903,201706
1516,201904,201804
2308,201808,201611
2861,201810,201710
595,201903,201607
3649,201904,201804
3014,201807,201701
931,201905,201806
621,201903,201803
1634,201905,201611
1859,201904,201703
2898,201905,201806
555,201901,201611
1033,201810,201806
3200,201905,201706
3369,201905,201802
2390,201904,201702
5,201904,201710
540,201905,201710
2833,201904,201710
1619,201811,201710
3068,201904,201806
2655,201904,201801
1572,201904,201603
2218,201904,201805
1971,201903,201706
2572,201904,201805
454,201810,201705
2324,201809,201612
281,201811,201807
10,201905,201804
933,201905,201803
2740,201902,201606
235,201905,201804
2480,201905,201806
1770,201903,201703
1282,201904,201802
3187,201905,201708
593,201904,201806
2155,201904,201805
2243,201808,201802
687,201904,201805
991,201904,201803
3093,201905,201807
1183,201809,201709
899,201905,201711
3272,201901,201805
1559,201905,201805
106,201902,201805
1107,201811,201705
1934,201904,201802
1523,201810,201611
2496,201901,201702
1097,201901,201805
986,201904,201802
2116,201901,201709
1362,201904,201601
483,201809,201610
421,201905,201708
3125,201903,201702
3469,201905,201904
383,201904,201805
2584,201902,201711
1607,201904,201702
2933,201905,201805
772,201812,201806
3385,201904,201805
198,201902,201803
3427,201902,201803
73,201904,201808
3127,201808,201709
2245,201904,201802
3413,201904,201702
3134,201812,201806
3160,201904,201707
3352,201905,201902
381,201904,201805
2,201903,201804
3667,201904,201804
1874,201905,201804
2813,201905,201806
2720,201905,201710
3028,201904,201806
3061,201903,201806
284,201905,201806
1977,201902,201601
3416,201903,201806
3287,201904,201803
2456,201901,201704
1548,201904,201708
1721,201904,201701
3092,201905,201801
2797,201807,201804
3255,201809,201806
1767,201904,201701
2964,201904,201704
719,201903,201805
424,201904,201805
2447,201903,201806
1957,201904,201803
1737,201904,201806
2728,201811,201706
3222,201905,201804
3069,201806,201806
2706,201810,201805
1910,201904,201610
3235,201904,201604
671,201810,201807
1046,201901,201607
3340,201905,201709
172,201905,201801
968,201905,201702
1192,201905,201806
320,201904,201804
3662,201808,201806
616,201901,201808
135,201903,201603
1549,201903,201601
3638,201905,201701
1446,201905,201611
2449,201905,201702
1280,201905,201803
2339,201903,201803
1136,201904,201801
508,201905,201805
3316,201904,201701
334,201904,201812
1134,201905,201806
1720,201810,201711
264,201905,201702
3114,201812,201803
497,201905,201809
1499,201903,201710
1228,201904,201802
803,201902,201805
448,201905,201804
2952,201905,201807
1429,201808,201612
1063,201903,201803
1219,201810,201805
3537,201904,201805
1626,201905,201712
3609,201903,201711
965,201905,201611
3072,201905,201804
3250,201904,201801
1104,201810,201806
2086,201812,201607
2826,201904,201710
2459,201904,201805
1415,201905,201805
3239,201904,201802
1698,201901,201804
1163,201808,201802
2006,201905,201712
3004,201807,201804
1251,201901,201709
2714,201904,201707
3199,201905,201711
1290,201904,201805
3683,201904,201806
782,201905,201806
2430,201904,201709
530,201903,201702
579,201806,201611
3332,201905,201803
9,201904,201806
2564,201905,201806
1122,201905,201707
2190,201905,201803
1139,201809,201712
3099,201810,201806
1445,201904,201801
3013,201905,201711
437,201903,201706
1622,201902,201801
2220,201903,201709
2212,201904,201802
2178,201904,201805
1199,201905,201808
2371,201811,201803
2776,201904,201710
2932,201902,201806
1182,201808,201803
1989,201810,201805
652,201903,201611
3223,201810,201801
636,201905,201805
3131,201905,201804
515,201905,201805
3554,201904,201806
2732,201807,201704
740,201902,201805
337,201901,201805
3525,201901,201803
1351,201806,201806
388,201810,201805
3401,201905,201605
3284,201904,201812
637,201904,201804
2799,201808,201802
3518,201903,201702
2511,201905,201806
2315,201905,201701
2179,201905,201604
3603,201904,201710
2046,201809,201611
180,201810,201703
2603,201904,201802
2988,201810,201806
987,201905,201603
432,201904,201805
3037,201903,201806
3325,201811,201805
2010,201904,201709
1070,201904,201805
1377,201902,201703
2609,201905,201805
1480,201904,201611
3097,201903,201806
3685,201905,201711
1120,201810,201808
1101,201903,201606
94,201905,201710
2745,201903,201805
2239,201904,201706
2727,201905,201803
3276,201905,201805
1018,201905,201903
2437,201904,201711
2270,201904,201810
445,201807,201803
551,201904,201802
3246,201904,201811
258,201905,201803
1355,201905,201803
2347,201903,201709
799,201904,201805
1436,201905,201805
2131,201811,201701
369,201905,201705
998,201904,201709
2485,201905,201806
3126,201903,201801
1866,201904,201808
1614,201812,201708
3334,201904,201707
2293,201904,201812
2559,201905,201704
1644,201904,201707
375,201903,201608
1714,201812,201711
3399,201903,201805
2975,201904,201806
2690,201904,201804
1621,201809,201804
3395,201812,201805
2383,201903,201805
348,201903,201805
3494,201905,201809
1880,201905,201805
957,201811,201802
1224,201905,201903
1531,201905,201810
123,201905,201711
63,201903,201605
3630,201810,201707
2916,201904,201805
2410,201904,201808
2004,201904,201710
2199,201903,201807
3161,201905,201706
1248,201905,201805
1321,201902,201707
3560,201904,201803
181,201903,201809
1757,201904,201705
2336,201904,201803
260,201808,201804
2043,201903,201805
147,201905,201805
995,201904,201805
1736,201904,201807
2744,201904,201805
534,201904,201706
2626,201901,201710
2828,201812,201705
386,201904,201704
2896,201904,201803
778,201905,201803
930,201903,201806
1384,201902,201801
2955,201905,201803
758,201903,201810
2435,201905,201707
2524,201904,201806
3351,201905,201802
2330,201905,201711
1252,201904,201806
3249,201903,201703
3333,201904,201805
1309,201903,201808
2286,201808,201707
2780,201903,201801
287,201904,201604
208,201905,201807
1393,201904,201604
121,201905,201703
1938,201904,201708
2441,201901,201801
3105,201904,201612
3059,201809,201706
1920,201905,201707
590,201905,201704
195,201905,201610
2700,201903,201801
1313,201810,201706
455,201812,201602
814,201811,201707
2999,201811,201803
958,201903,201806
1226,201810,201806
169,201903,201806
1539,201810,201806
38,201811,201807
2303,201810,201805
3009,201905,201712
1857,201905,201805
3194,201905,201805
2085,201809,201612
3535,201905,201710
434,201904,201707
532,201904,201603
905,201903,201806
2694,201903,201706
2600,201904,201806
2846,201905,201805
3023,201809,201704
764,201905,201805
522,201901,201804
716,201905,201805
1229,201904,201806
1822,201903,201801
1547,201905,201804
2814,201901,201602
1209,201808,201604
1051,201905,201601
3675,201905,201807
1360,201904,201606
3112,201905,201806
3617,201904,201810
894,201904,201706
2804,201905,201806
2045,201903,201806
2099,201905,201804
2442,201811,201606
854,201905,201805
1860,201904,201806
2309,201807,201705
1409,201903,201708
3220,201905,201812
2106,201904,201705
295,201904,201805
3669,201903,201711
746,201903,201704
2028,201905,201709
2873,201905,201805
462,201903,201602
3146,201904,201707
423,201905,201803
1747,201903,201806
3590,201905,201705
2176,201903,201803
2291,201905,201803
3091,201809,201611
3539,201807,201709
3225,201905,201804
3057,201905,201808
410,201905,201805
2414,201902,201705
1904,201812,201710
3291,201905,201805
2519,201905,201805
3492,201905,201702
2285,201811,201805
1172,201903,201708
2679,201810,201706
1144,201903,201703
204,201902,201711
1632,201903,201802
3143,201904,201806
655,201904,201707
1611,201808,201804
1019,201905,201805
3110,201904,201712
251,201810,201806
2451,201810,201805
1256,201904,201709
271,201904,201612
1674,201903,201801
2235,201905,201810
262,201901,201706
1792,201809,201606
1169,201905,201805
380,201905,201803
153,201809,201707
2739,201812,201802
1574,201807,201602
148,201809,201711
1403,201903,201804
1939,201905,201709
1123,201904,201806
3238,201905,201810
2656,201905,201807
3048,201902,201806
2168,201905,201804
1556,201904,201803
2691,201810,201805
2917,201905,201701
142,201905,201706
1601,201812,201805
3149,201904,201810
1098,201905,201710
780,201809,201804
2692,201901,201709
3058,201807,201805
3269,201808,201608
168,201905,201806
3253,201809,201707
2109,201904,201806
3396,201904,201708
898,201902,201702
2885,201904,201810
2886,201905,201806
219,201905,201809
3489,201903,201807
1775,201807,201609
665,201904,201804
1518,201904,201710
1165,201903,201710
3414,201904,201603
2301,201904,201806
2506,201905,201711
1069,201901,201806
2125,201905,201808
2403,201904,201803
1168,201903,201802
1265,201810,201706
283,201904,201804
1738,201905,201806
2454,201807,201805
336,201904,201707
679,201808,201706
547,201811,201805
3241,201903,201601
2989,201901,201803
917,201812,201706
3574,201904,201801
184,201810,201806
387,201903,201805
634,201905,201803
656,201905,201708
2296,201904,201809
1056,201903,201809
3322,201903,201711
1505,201809,201802
666,201903,201803
1700,201904,201709
3585,201904,201801
1722,201903,201803
357,201810,201802
929,201904,201805
3475,201808,201806
2053,201811,201711
999,201905,201805
3279,201904,201703
1387,201905,201604
1307,201905,201805
503,201903,201708
1223,201904,201805
1076,201810,201707
1406,201905,201707
1930,201810,201804
1378,201905,201605
1257,201811,201806
2025,201807,201703
96,201905,201805
2946,201904,201711
443,201903,201901
1537,201903,201706
3022,201808,201701
3260,201807,201710
1430,201904,201806
2163,201904,201709
2048,201904,201803
1815,201905,201711
3043,201904,201804
631,201904,201801
3470,201904,201809
3226,201809,201708
3568,201901,201801
1936,201904,201701
2154,201905,201710
1125,201901,201711
175,201905,201803
1331,201905,201806
3674,201904,201711
3213,201810,201806
48,201903,201707
1787,201809,201610
236,201905,201806
3657,201904,201801
3321,201905,201806
481,201904,201707
446,201904,201709
2165,201904,201710
456,201903,201803
2152,201905,201608
1084,201905,201805
1478,201903,201810
2843,201902,201805
1090,201903,201805
2604,201905,201902
3047,201901,201604
3608,201905,201603
203,201904,201807
2274,201904,201801
1695,201904,201805
1935,201810,201806
3055,201904,201605
1823,201905,201805
317,201811,201608
3501,201904,201711
3188,201905,201804
2601,201905,201703
3640,201809,201805
2877,201903,201806
1844,201808,201710
680,201905,201807
2226,201904,201806
3002,201812,201611
1198,201904,201801
2331,201901,201806
2198,201901,201810
2411,201905,201805
156,201903,201702
3277,201901,201707
1717,201905,201807
2839,201904,201805
3391,201903,201803
2093,201904,201612
166,201903,201901
3034,201903,201703
2240,201904,201709
3520,201904,201711
3157,201904,201807
2798,201901,201801
2255,201905,201803
2014,201905,201707
2831,201905,201803
2738,201806,201806
146,201905,201706
2081,201810,201704
2471,201903,201806
1336,201905,201802
3502,201905,201808
2676,201905,201702
881,201904,201806
3164,201904,201708
2446,201809,201703
3478,201810,201803
1946,201809,201703
1925,201904,201702
1024,201905,201903
3429,201901,201802
101,201905,201603
3447,201808,201802
3582,201905,201805
3628,201904,201805
878,201902,201701
2206,201904,201711
1215,201905,201804
1640,201903,201808
484,201905,201803
2666,201905,201801
110,201901,201709
604,201901,201805
275,201903,201712
1485,201904,201707
1625,201905,201806
3616,201905,201903
856,201905,201711
509,201903,201706
1686,201904,201602
690,201903,201806
2369,201904,201805
2080,201902,201805
1281,201905,201805
1825,201905,201709
2863,201903,201805
576,201904,201702
1877,201805,201608
1143,201904,201805
3274,201904,201610
3139,201905,201804
199,201905,201806
2942,201905,201710
2922,201808,201702
1868,201903,201805
441,201904,201706
669,201812,201707
1552,201901,201712
2628,201904,201611
873,201905,201805
2525,201901,201805
1589,201901,201809
324,201905,201805
2641,201905,201803
602,201901,201806
173,201809,201603
720,201904,201806
3168,201807,201805
214,201904,201803
2445,201811,201802
1794,201903,201804
572,201902,201801
1338,201903,201803
698,201903,201803
245,201905,201805
3596,201905,201804
228,201902,201801
1690,201905,201805
1326,201901,201802
979,201905,201804
1960,201809,201602
227,201905,201805
3345,201903,201804
39,201904,201805
2671,201905,201806
779,201905,201602
397,201905,201807
1373,201905,201711
882,201902,201711
1397,201904,201709
3474,201901,201807
1428,201905,201811
3104,201905,201711
1167,201904,201810
458,201904,201806
723,201903,201805
2906,201903,201805
1612,201810,201712
2476,201903,201807
3382,201903,201806
640,201905,201607
2514,201905,201706
2338,201903,201705
3471,201904,201801
1443,201904,201610
249,201904,201602
1735,201902,201705
703,201812,201604
3212,201808,201706
117,201810,201801
2562,201812,201704
615,201905,201610
526,201904,201803
1727,201810,201803
207,201905,201704
1399,201904,201709
3267,201806,201806
1679,201904,201806
299,201904,201704
2426,201805,201805
1225,201903,201708
855,201903,201712
3505,201904,201811
574,201904,201806
3676,201904,201603
1979,201905,201612
1708,201903,201806
735,201811,201610
1235,201903,201804
1926,201808,201805
1566,201904,201601
2261,201810,201808
1533,201905,201709
942,201905,201706
3509,201901,201711
433,201810,201806
412,201903,201806
2427,201901,201710
36,201904,201708
3133,201905,201811
1744,201809,201803
3424,201905,201804
3247,201808,201801
479,201904,201805
759,201902,201606
3579,201905,201806
1423,201904,201812
1762,201904,201803
935,201904,201706
1189,201812,201706
3175,201905,201805
3252,201904,201802
1512,201812,201806
188,201808,201601
728,201904,201702
1858,201902,201803
1534,201810,201806
3173,201905,201811
792,201808,201804
3142,201905,201805
1780,201904,201803
1804,201806,201801
2649,201904,201811
975,201808,201803
472,201811,201706
2167,201904,201802
1173,201903,201601
1970,201903,201808
3504,201811,201806
2503,201904,201608
13,201903,201703
2009,201904,201806
1494,201904,201803
3462,201905,201806
1322,201901,201603
1230,201902,201611
744,201812,201710
1593,201901,201801
981,201905,201806
1395,201806,201805
1016,201905,201806
2071,201904,201612
2992,201905,201805
1638,201905,201806
2237,201808,201805
1017,201905,201701
2808,201905,201709
3465,201905,201806
1162,201904,201806
1848,201904,201804
2077,201809,201601
1927,201812,201805
1088,201903,201612
2005,201903,201805
1000,201904,201809
1689,201905,201806
1166,201905,201805
2022,201905,201804
976,201905,201806
2853,201905,201804
3488,201905,201806
3230,201905,201806
1502,201901,201801
2143,201809,201804
19,201805,201805
255,201812,201705
220,201905,201710
1441,201905,201801
1240,201903,201611
1340,201901,201805
3156,201808,201805
3374,201904,201703
3514,201903,201809
331,201905,201801
3644,201902,201703
1576,201903,201706
2024,201810,201801
2253,201902,201609
2366,201810,201711
1250,201905,201806
2337,201905,201803
3262,201901,201610
2463,201903,201702
1308,201903,201805
314,201810,201806
1005,201904,201709
241,201904,201802
2225,201903,201806
1328,201901,201803
1404,201904,201901
1889,201903,201706
1325,201811,201809
3463,201809,201712
2837,201905,201804
104,201904,201805
2551,201905,201802
2297,201904,201803
2851,201904,201805
3613,201904,201902
3604,201905,201806
1951,201903,201707
3233,201903,201806
645,201904,201806
1201,201905,201806
1243,201809,201712
3065,201809,201806
795,201904,201708
2490,201903,201702
2752,201811,201803
3257,201903,201706
444,201905,201804
420,201903,201806
2756,201903,201806
2529,201904,201805
274,201807,201711
3571,201808,201806
2993,201905,201704
215,201810,201709
2822,201905,201804
3417,201903,201809
1003,201903,201806
186,201904,201802
2362,201905,201801
1724,201811,201712
2991,201810,201602
339,201904,201702
3377,201901,201707
2544,201904,201806
694,201904,201801
346,201904,201707
2920,201905,201810
1147,201806,201806
2232,201904,201609
3268,201905,201806
1660,201904,201805
488,201905,201704
1569,201809,201805
3577,201901,201806
2066,201810,201706
136,201904,201903
64,201904,201609
805,201901,201805
3493,201807,201805
3229,201904,201809
659,201902,201706
282,201809,201709
3323,201904,201806
3569,201905,201703
81,201905,201806
564,201905,201805
1761,201903,201702
2636,201811,201804
2755,201903,201712
536,201904,201701
2316,201902,201803
1287,201812,201708
563,201905,201806
2388,201812,201804
3454,201905,201806
589,201901,201805
1876,201903,201706
449,201904,201802
1263,201904,201803
578,201809,201609
2365,201812,201803
2074,201902,201803
3184,201905,201711
1998,201903,201804
3523,201905,201802
1961,201901,201801
1774,201905,201804
3362,201905,201802
3204,201904,201708
2382,201905,201606
62,201904,201710
3298,201905,201803
3565,201902,201703
2638,201903,201704
2280,201905,201806
3597,201904,201609
3006,201904,201806
2981,201812,201805
3264,201903,201601
3428,201904,201711
1422,201903,201806
3426,201809,201801
827,201904,201805
244,201905,201702
1513,201905,201703
794,201903,201806
384,201903,201703
2630,201905,201805
3425,201905,201610
137,201810,201806
3148,201905,201602
1948,201809,201707
2859,201901,201706
88,201903,201604
2576,201905,201610
3594,201905,201804
914,201904,201709
2856,201903,201809
1195,201905,201804
385,201808,201803
1401,201905,201808
1796,201807,201806
1475,201905,201805
2110,201810,201611
677,201903,201805
2391,201905,201802
3490,201905,201810
3165,201905,201802
87,201810,201806
3544,201903,201802
837,201811,201705
561,201904,201810
1643,201807,201806
3576,201904,201806
1460,201904,201802
1135,201807,201805
1629,201904,201806
3672,201811,201710
2892,201904,201806
2889,201905,201806
494,201905,201806
1853,201806,201707
2583,201905,201712
3108,201809,201709
3384,201905,201804
1306,201904,201805
630,201811,201712
3563,201905,201802
2078,201905,201806
1777,201904,201707
1633,201904,201804
3242,201903,201710
2415,201904,201805
1100,201904,201806
506,201905,201806
3528,201904,201706
1641,201905,201805
1861,201904,201805
2852,201903,201805
704,201905,201706
1042,201903,201607
92,201902,201801
1496,201904,201810
2256,201905,201701
90,201904,201709
713,201905,201709
1498,201905,201702
466,201904,201805
288,201806,201601
2548,201904,201801
809,201905,201803
2747,201904,201803
742,201905,201805
1157,201903,201801
3418,201905,201708
1276,201902,201703
2737,201905,201804
614,201905,201806
1130,201809,201707
252,201905,201804
2689,201904,201803
3651,201902,201806
2927,201810,201601
2276,201905,201805
1160,201903,201804
440,201903,201706
3056,201812,201703
618,201905,201803
3436,201806,201601
2790,201905,201805
2210,201905,201805
2743,201810,201803
1914,201905,201712
114,201902,201802
3578,201905,201710
1314,201904,201801
2000,201905,201805
2983,201903,201806
2899,201905,201806
3309,201905,201705
1553,201808,201806
3400,201808,201710
1025,201905,201701
693,201812,201704
1133,201905,201806
781,201810,201806
966,201904,201707
3328,201808,201607
584,201809,201805
813,201901,201707
3580,201904,201710
2350,201808,201702
170,201808,201806
24,201904,201711
1642,201903,201803
1503,201903,201805
2271,201902,201703
1196,201903,201603
182,201904,201706
1305,201811,201706
2854,201905,201806
2223,201905,201805
1043,201904,201805
332,201905,201806
3375,201904,201706
1375,201905,201805
1178,201903,201704
1983,201903,201805
1759,201905,201708
2231,201905,201712
2076,201902,201709
7,201807,201602
1490,201806,201705
141,201904,201703
893,201905,201806
95,201905,201804
889,201811,201706
393,201904,201602
416,201904,201707
22,201905,201804
1330,201904,201705
131,201905,201802
2567,201901,201806
2075,201901,201705
1784,201903,201709
2957,201904,201805
307,201904,201803
344,201905,201709
1702,201905,201803
1175,201903,201703
1077,201809,201803
1522,201903,201806
2729,201808,201702
1412,201904,201806
1273,201807,201604
277,201903,201806
371,201904,201712
1545,201905,201712
852,201810,201703
1011,201904,201801
1849,201903,201607
396,201904,201806
2224,201905,201812
2878,201904,201602
3132,201905,201701
1266,201811,201802
676,201903,201709
3195,201903,201605
2064,201905,201707
70,201808,201706
205,201901,201805
1372,201902,201610
178,201903,201801
30,201905,201802
1665,201904,201805
3551,201905,201803
493,201810,201612
2012,201905,201603
2170,201904,201810
1749,201904,201805
3177,201805,201606
1991,201904,201706
1941,201902,201702
3021,201905,201805
1427,201903,201702
2959,201905,201805
3329,201903,201809
1261,201903,201806
2368,201901,201805
750,201905,201709
1515,201903,201805
1032,201809,201806
3622,201905,201711
668,201809,201805
3036,201904,201708
783,201904,201805
2132,201905,201806
3115,201904,201805
2203,201902,201707
3394,201805,201801
226,201904,201806
2034,201903,201803
3444,201905,201806
3224,201905,201804
960,201810,201806
2295,201809,201706
2830,201905,201807
1435,201905,201709
2148,201904,201805
394,201903,201603
1234,201812,201805
1577,201905,201807
1337,201903,201806
1354,201905,201805
817,201904,201803
2937,201904,201611
2606,201905,201805
1371,201903,201801
476,201901,201607
3144,201807,201806
2196,201905,201712
3304,201903,201604
926,201905,201805
1776,201808,201602
2840,201904,201810
3406,201905,201606
3409,201903,201806
2838,201810,201804
1383,201904,201701
3516,201810,201709
200,201904,201802
1529,201904,201710
802,201902,201707
3497,201809,201610
3372,201905,201612
836,201905,201803
3275,201904,201604
3207,201904,201711
512,201905,201805
1530,201904,201810
2379,201905,201904
2263,201902,201806
1606,201903,201806
2522,201810,201805
743,201902,201801
303,201904,201709
2019,201810,201806
223,201905,201709
954,201904,201704
2387,201905,201805
2887,201808,201706
1,201905,201806
1068,201904,201611
1952,201810,201701
3533,201811,201607
2444,201903,201803
725,201905,201610
2615,201903,201608
1468,201903,201706
2205,201905,201806
1262,201905,201805
1034,201901,201802
900,201904,201601
3583,201812,201712
3281,201812,201806
828,201808,201801
3646,201904,201709
161,201904,201805
52,201905,201804
2221,201904,201809
2323,201905,201806
1060,201904,201709
2027,201904,201803
1783,201905,201803
2144,201903,201803
3482,201905,201804
1345,201905,201709
1937,201904,201707
2811,201905,201804
2439,201903,201706
3343,201905,201805
16,201903,201902
1476,201905,201812
2678,201809,201801
3130,201810,201805
2724,201904,201804
3626,201904,201807
2908,201905,201806
3510,201905,201803
2037,201810,201602
8,201903,201803
2806,201904,201803
1974,201808,201706
3403,201812,201805
1020,201905,201808
2841,201903,201707
3300,201905,201805
2344,201903,201806
1671,201903,201806
2571,201904,201806
765,201810,201806
1806,201809,201611
1673,201905,201706
1086,201904,201803
319,201905,201705
163,201904,201803
1705,201905,201802
2312,201807,201609
238,201903,201803
2546,201905,201805
3524,201904,201711
651,201905,201610
2259,201905,201805
1023,201903,201602
1418,201903,201804
2031,201903,201805
1222,201903,201806
2891,201812,201712
2612,201905,201805
3307,201905,201803
457,201903,201805
2015,201904,201806
3152,201905,201803
3666,201903,201803
2665,201809,201802
3265,201904,201711
717,201903,201803
2425,201903,201804
2482,201905,201811
1038,201809,201806
1703,201905,201705
474,201808,201806
545,201901,201603
3136,201904,201901
1740,201806,201806
2597,201905,201806
3045,201901,201605
2197,201903,201806
3174,201905,201806
2842,201904,201803
1732,201902,201604
2996,201905,201707
3541,201905,201806
1984,201808,201805
790,201905,201804
1564,201905,201805
196,201904,201609
1992,201904,201803
2434,201905,201712
1259,201905,201702
2631,201904,201803
752,201904,201806
3147,201808,201706
1899,201905,201709
2406,201905,201804
2499,201904,201803
2177,201904,201602
398,201905,201805
2956,201905,201805
2311,201905,201707
798,201905,201712
1013,201905,201805
539,201905,201804
682,201903,201802
751,201901,201709
2875,201905,201808
2563,201905,201602
2510,201905,201812
709,201904,201805
681,201903,201809
1180,201905,201710
583,201905,201611
1376,201810,201804
692,201904,201701
56,201903,201709
2478,201905,201806
2033,201903,201806
2488,201905,201901
2460,201809,201804
2500,201905,201805
1588,201901,201703
623,201901,201806
2214,201809,201803
816,201905,201806
1617,201904,201707
3479,201904,201804
1585,201905,201706
767,201812,201611
2820,201905,201805
191,201903,201702
1402,201808,201702
3084,201903,201806
838,201903,201901
3073,201905,201801
3389,201904,201702
707,201903,201806
2803,201905,201803
1678,201903,201606
2545,201903,201806
1030,201901,201711
1873,201812,201710
330,201903,201706
519,201903,201804
2786,201905,201810
1943,201905,201702
2300,201903,201710
1009,201807,201705
1563,201904,201805
1813,201902,201805
2973,201904,201707
784,201808,201710
2139,201905,201806
2491,201903,201806
845,201807,201804
2595,201806,201806
678,201905,201805
1967,201903,201805
1159,201905,201804
1277,201808,201805
2192,201904,201806
1424,201905,201806
2217,201905,201805
3082,201809,201709
1830,201904,201805
2241,201903,201805
3430,201905,201803
3595,201901,201610
1264,201904,201602
231,201904,201812
523,201904,201709
525,201904,201802
14,201810,201603
591,201812,201611
857,201904,201801
3548,201905,201804
1839,201903,201806
1458,201811,201805
2061,201808,201707
68,201904,201801
1739,201904,201701
325,201904,201610
1779,201904,201804
1039,201905,201611
912,201903,201610
3452,201903,201806
1729,201905,201706
2717,201904,201702
1385,201904,201806
3421,201902,201804
3432,201904,201805
840,201903,201806
1753,201904,201710
3356,201806,201805
2894,201807,201803
126,201903,201805
1597,201905,201608
3163,201905,201804
3647,201904,201603
626,201810,201707
2493,201905,201711
2375,201903,201803
3598,201904,201706
2097,201903,201804
3245,201905,201809
869,201901,201806
300,201903,201808
670,201809,201806
185,201810,201806
2930,201809,201803
3089,201904,201702
2091,201905,201805
2599,201808,201803
2136,201811,201804
232,201904,201803
938,201903,201712
3294,201904,201806
936,201905,201811
1357,201904,201804
3679,201903,201804
2159,201905,201805
3254,201903,201801
2783,201903,201806
3094,201905,201806
2314,201811,201806
1103,201905,201706
2384,201905,201806
2940,201905,201703
2098,201904,201802
3290,201903,201805
2164,201905,201805
2958,201902,201706
3415,201905,201806
775,201902,201604
2860,201905,201806
2770,201905,201706
1949,201903,201805
3192,201905,201609
3361,201806,201806
240,201905,201806
3106,201904,201710
774,201905,201801
1239,201904,201805
2494,201903,201702
2386,201903,201711
871,201812,201601
1793,201811,201806
1447,201904,201805
1883,201903,201804
2696,201903,201801
1504,201810,201806
2021,201902,201610
3671,201902,201712
1978,201905,201801
2498,201807,201806
2084,201901,201806
2138,201806,201805
608,201904,201806
2288,201904,201710
1258,201904,201903
1659,201905,201704
2290,201905,201805
1709,201903,201804
2616,201811,201806
683,201812,201611
1693,201903,201705
1627,201903,201805
376,201901,201706
1081,201810,201806
3511,201904,201806
923,201903,201806
3179,201903,201801
2320,201904,201710
442,201904,201802
2647,201807,201706
1850,201811,201702
2408,201808,201711
3301,201901,201702
1358,201810,201806
3442,201903,201805
405,201807,201804
1591,201904,201806
3026,201905,201601
1565,201904,201710
1206,201904,201706
3392,201904,201709
2596,201808,201703
3573,201905,201805
1746,201905,201806
3431,201904,201702
2872,201904,201806
105,201903,201801
2402,201904,201601
3234,201905,201805
1343,201904,201708
3117,201905,201706
2951,201905,201607
2246,201905,201803
1550,201905,201805
1129,201905,201609
459,201806,201802
974,201905,201806
653,201901,201805
2607,201905,201604
261,201905,201708
1520,201903,201707
2423,201905,201807
2775,201903,201801
3138,201904,201711
3318,201904,201711
498,201904,201708
3522,201905,201803
1789,201905,201805
1802,201901,201611
1082,201905,201806
2473,201905,201806
2013,201903,201902
2605,201902,201806
2650,201904,201709
82,201905,201803
3623,201904,201712
279,201905,201801
3532,201810,201607
1754,201904,201806
2663,201903,201703
1558,201905,201803
2157,201905,201805
785,201807,201805
2587,201904,201805
1954,201905,201804
2731,201903,201711
3038,201902,201802
2926,201904,201806
162,201904,201805
1156,201905,201806
1421,201904,201707
1805,201902,201706
1921,201902,201707
1590,201904,201808
800,201905,201709
2173,201809,201710
2753,201901,201604
592,201903,201812
67,201905,201805
2950,201905,201810
318,201903,201803
1730,201903,201605
967,201903,201711
1390,201807,201805
2774,201905,201803
3575,201905,201812
2183,201904,201707
3366,201905,201805
404,201904,201707
2267,201902,201706
451,201905,201710
2711,201904,201711
988,201904,201806
2038,201903,201711
654,201905,201805
2683,201810,201803
2574,201903,201708
500,201904,201805
2911,201901,201805
1237,201905,201708
2051,201808,201712
3075,201809,201803
1609,201904,201805
910,201905,201806
1115,201903,201806
3439,201903,201806
2855,201905,201803
880,201903,201606
844,201904,201702
2041,201904,201710
202,201904,201808
3386,201902,201707
3049,201905,201803
648,201811,201606
994,201905,201802
1581,201902,201710
100,201812,201709
649,201903,201804
1538,201812,201706
2935,201905,201809
972,201901,201611
1274,201903,201806
1706,201905,201903
3645,201903,201805
402,201901,201801
996,201809,201805
776,201904,201805
2582,201903,201702
2613,201804,201804
419,201602,201602
1184,201606,201606
430,201602,201602
1096,201803,201803
1781,201601,201601
625,201601,201601
47,201601,201601
1236,201802,201802
600,201603,201603
2186,201603,201603
1827,201804,201804
2788,201601,201601
3584,201602,201602
1987,201712,201712
2335,201705,201705
3145,201603,201603
1255,201803,201803
3546,201605,201605
3629,201606,201606
1931,201705,201705
2827,201602,201602
382,201607,201607
2769,201708,201708
570,201602,201602
1364,201801,201801
1249,201601,201601
2171,201703,201703
84,201804,201804
946,201701,201701
984,201709,201709
1137,201604,201604
3283,201612,201612
1128,201803,201803
40,201711,201711
586,201602,201602
3171,201712,201712
1884,201802,201802
2305,201612,201612
2980,201710,201710
1466,201603,201603
1519,201608,201608
1656,201602,201602
859,201601,201601
313,201802,201802
2121,201601,201601
12,201804,201804
1821,201608,201608
3446,201601,201601
2505,201702,201702
1118,201606,201606
478,201803,201803
943,201601,201601
2211,201603,201603
642,201710,201710
691,201702,201702
1059,201802,201802
815,201602,201602
2260,201802,201802
887,201602,201602
406,201710,201710
2868,201601,201601
229,201610,201610
1451,201602,201602
516,201711,201711
2461,201705,201705
1748,201601,201601
1769,201601,201601
3109,201710,201710
796,201709,201709
2816,201606,201606
3349,201706,201706
1238,201601,201601
246,201602,201602
2275,201601,201601
3331,201703,201703
1555,201705,201705
825,201603,201603
217,201603,201603
1054,201711,201711
2412,201710,201710
2265,201606,201606
2953,201711,201711
1398,201602,201602
3341,201608,201608
2614,201601,201601
2645,201602,201602
599,201711,201711
3500,201612,201612
1544,201802,201802
2501,201604,201604
1639,201602,201602
112,201602,201602
4,201710,201710
2055,201601,201601
2836,201712,201712
1773,201604,201604
1365,201707,201707
3227,201601,201601
1863,201609,201609
672,201611,201611
2189,201601,201601
359,201602,201602
2580,201603,201603
1473,201602,201602
302,201804,201804
305,201803,201803
1332,201706,201706
619,201602,201602
3681,201708,201708
643,201602,201602
3278,201601,201601
3011,201712,201712
3140,201611,201611
1368,201602,201602
297,201802,201802
1929,201602,201602
2654,201604,201604
1386,201711,201711
3656,201803,201803
2030,201603,201603
1891,201710,201710
353,201610,201610
518,201706,201706
3314,201706,201706
1928,201611,201611
2433,201708,201708
762,201602,201602
2317,201709,201709
3111,201610,201610
711,201706,201706
362,201707,201707
1661,201710,201710
2147,201602,201602
3605,201707,201707
351,201601,201601
891,201603,201603
587,201601,201601
1102,201601,201601
3402,201601,201601
937,201601,201601
2502,201803,201803
278,201601,201601
411,201603,201603
1074,201611,201611
1021,201602,201602
3054,201703,201703
2026,201604,201604
3167,201601,201601
955,201601,201601
1788,201603,201603
2486,201603,201603
1292,201705,201705
2409,201702,201702
2333,201804,201804
2396,201804,201804
959,201601,201601
2204,201709,201709
2652,201602,201602
408,201607,201607
596,201705,201705
823,201707,201707
233,201602,201602
2782,201611,201611
2995,201610,201610
1688,201804,201804
3570,201612,201612
427,201601,201601
2105,201603,201603
1916,201709,201709
851,201708,201708
3118,201802,201802
2719,201602,201602
3357,201803,201803
1297,201602,201602
1191,201602,201602
160,201611,201611
748,201610,201610
3641,201702,201702
2536,201602,201602
858,201604,201604
2532,201604,201604
3293,201611,201611
939,201601,201601
1965,201602,201602
2083,201603,201603
1809,201705,201705
1669,201801,201801
997,201601,201601
2457,201602,201602
903,201601,201601
1463,201804,201804
3387,201801,201801
2703,201607,201607
3390,201611,201611
1968,201801,201801
1766,201802,201802
1489,201601,201601
3633,201601,201601
3286,201702,201702
2294,201701,201701
1216,201802,201802
2467,201705,201705
2149,201802,201802
201,201801,201801
1864,201801,201801
708,201602,201602
2795,201601,201601
1684,201601,201601
1645,201601,201601
499,201602,201602
963,201710,201710
3473,201802,201802
2266,201701,201701
3631,201702,201702
11,201603,201603
365,201601,201601
42,201604,201604
3070,201803,201803
2736,201601,201601
1834,201612,201612
3449,201602,201602
2817,201601,201601
2087,201712,201712
1524,201802,201802
2664,201701,201701
521,201710,201710
2399,201603,201603
197,201707,201707
3517,201603,201603
3536,201601,201601
2236,201709,201709
533,201801,201801
1940,201601,201601
3010,201712,201712
520,201709,201709
1894,201601,201601
1455,201705,201705
1079,201604,201604
1907,201604,201604
932,201701,201701
1233,201601,201601
1950,201601,201601
2791,201711,201711
2405,201603,201603
